date,ATVI,ADBE,AYI
2017-12-28,-0.0009472687085569177,0.002103228740336381,-0.0032154340836012475
2017-12-29,0.004245950621166899,-0.0002854044180604565,0.016594960049170247
2018-01-02,-0.012118350645262876,-0.010520329826556693,-0.017773249561329117
2018-01-03,-0.011773818745158872,-0.017078651685393215,0.011133377866844802
2018-01-04,0.01657794676806089,-0.007090639256856989,-0.015405375014055889
2018-01-05,-0.022965474722564876,-0.0018378378378378563,-0.024088397790055324
2018-01-08,-0.002105579786434059,-0.0004866180048661985,0.0019345477994519515
2018-01-09,0.008389513108614266,-0.006089346338308969,0.03689024390243909
2018-01-10,-0.013650841801910988,-0.010258625344203907,-0.023167513997039854
2018-01-11,-0.013911260799531243,-0.008703080783811178,-0.01062148321426318
2018-01-12,-0.009469153515064513,-0.03151938230472266,0.0066332916145181615
2018-01-16,0.03116187253243102,0.017660269497754084,-0.002935298526105414
2018-01-17,-0.005573817350292991,-0.012756745612452764,-0.016129032258064658
2018-01-18,0.00442162316360009,5.0965801946992134e-05,0.013681060282171751
2018-01-19,-0.004984334947308378,0.002598858540562675,-0.010341837998513848
2018-01-22,-0.012065294535131218,-0.010935104752171767,-0.016502055088644857
2018-01-23,-0.0032249018508132923,0.010875475802066284,-0.008163512124327232
2018-01-24,0.022048562656991327,0.020017837677138006,0.005541651769753348
2018-01-25,-0.003116147308781854,0.0028776252019387196,0.002090550710787208
2018-01-26,-0.01654051023268843,-0.014105793450881669,-0.0037546933667083585
2018-01-29,0.0006896551724137539,0.009394832841937054,0.02474214511417145
2018-01-30,-0.002449779519843174,0.0017743979721165746,0.025000000000000012
2018-01-31,-0.01603618421052634,-0.013341449804697385,0.030204081632653076
2018-02-01,0.0017691888949375293,-0.00130574527922856,0.0009102730819246734
2018-02-02,0.01706578585191295,0.00856433385699096,0.015559348739495828
2018-02-05,0.03629146583498727,0.019530042254972648,0.02379671954826561
2018-02-06,-0.0560606060606061,-0.04223163084838413,-0.04866197183098589
2018-02-07,0.002298190175237156,0.007891886315572296,-0.0006081902959859672
2018-02-08,0.054574177796926575,0.039825762289981366,0.01849476881538987
2018-02-09,-0.0013434841021048429,-0.003523194362889001,-0.0006805035726439112
2018-02-12,-0.01727218582489572,-0.016666666666666698,-0.016343621260214873
2018-02-13,-0.001030017657445665,-0.013780455855383785,0.004280650123737451
2018-02-14,-0.03630412141050457,-0.02415835411471325,-0.03437222942099156
2018-02-15,-0.028428571428571355,-0.02010353319595919,-0.007945889151562963
2018-02-16,0.02459699833240684,0.0047402725656725654,0.012931034482758738
2018-02-20,-0.012433900242961335,-0.012571086501047499,0.01168891545460577
2018-02-21,0.00959097320169262,0.011543164587918734,0.009397234528124429
2018-02-22,0.00813588352840433,0.002265228738858421,0.013885144243731478
2018-02-23,-0.03030736240171537,-0.02702967388110866,0.0040095141012572435
2018-02-26,-0.006604292790313562,-0.0040702352217332274,-0.006848386221860723
2018-02-27,0.006023271731690592,0.014953535544129514,0.02026117393645659
2018-02-28,0.00027341079972672904,0.007404243200911302,0.026757679180887287
2018-03-01,0.015718972115910217,0.020397489539748917,-0.027653318398207706
2018-03-02,-0.039174389216512305,-0.028584036085506883,-0.012259797506715346
2018-03-05,-0.01954928047787127,-0.011544910179640702,-0.017865634128116266
2018-03-06,0.01962864721485416,0.002024100922613476,-0.022207490884985047
2018-03-07,-0.009403107113654916,-0.026167605167273934,0.033511093554545894
2018-03-08,-0.030868339820158328,0.00747603540797136,-0.029369870446991683
2018-03-09,-0.017760718235638472,-0.014266055045871622,0.003784171723103102
2018-03-12,0.030035335689045883,0.009104363815759972,0.011859520377407956
2018-03-13,0.020131629887727296,0.014529147982062821,0.002903715435887268
2018-03-14,0.02789783889980348,0.010464326160815413,0.020269825600526387
2018-03-15,-0.005343197698314846,0.005136363636363616,-0.004491519742575692
2018-03-16,0.029646676594016482,0.00717492737036709,-0.004012572727880655
2018-03-19,-0.000704225352112636,0.010245901639344187,0.0038682139522474594
2018-03-20,-0.0004205214465937922,-0.02939199784936602,0.016357176375946893
2018-03-21,-0.005758426966292087,0.008349361776534345,-0.00027210884353736086
2018-03-22,0.0123177120203878,0.014920039310283227,0.03261494252873558
2018-03-23,0.026052104208416735,0.020499271137026237,0.014587674903245071
2018-03-26,-0.009361947285035163,-0.046063154046520054,-0.02030682576150582
2018-03-27,0.06197820857506715,0.07003044802087861,0.012637083303072184
2018-03-28,-0.0006067040800848178,0.005521242747520152,-0.014888888888888821
2018-03-29,-0.016882725354235607,-0.012795875322240536,-0.008769386867662038
2018-04-02,0.025598802395209487,0.01177785019319399,0.010784597568037124
2018-04-03,-0.0013763572411684265,-0.005354316044324452,0.01641976209589141
2018-04-04,-0.036197326245015995,-0.06805562147026721,-0.0453738091393508
2018-04-05,0.00997023809523812,0.019303325436518408,-0.016327153429465283
2018-04-06,0.0195899772209566,0.014782099238361228,0.003025032140966326
2018-04-09,-0.00936157151626764,0.0041348600508906985,0.0237538647160848
2018-04-10,0.006571087216248473,-0.008624949463186683,0.008228571428571524
2018-04-11,-0.0007598784194528444,-0.003139999102857348,-0.003941267387944288
2018-04-12,-0.014641509433962247,-0.005493531809321323,-0.007217444717444699
2018-04-13,0.023421286688407924,0.02093074065982081,0.00946611132146914
2018-04-16,-0.0004509243950097871,-0.0019462137296532098,0.0063189950513892965
2018-04-17,-0.01531598513011154,-0.011375568778438898,-0.006863417982155157
2018-04-18,0.0008727272727273058,0.00258955545964607,0.006659603450885391
2018-04-19,0.008351648351648252,0.01082091173786454,0.019041815827557318
2018-04-20,0.01690391459074734,0.007753303964757669,0.00420331594924879
2018-04-23,0.005555555555555411,0.004814700295949358,-0.011225370908234496
2018-04-24,0.019213449414590227,0.04013215859030843,0.030623992631821285
2018-04-25,0.008565310492505388,0.003850385038503866,-0.0044359949302915265
2018-04-26,-0.016549187863928873,-0.009737452791554744,0.020119459289531502
2018-04-27,0.013495276653171262,0.005289582212659166,0.01761973410219448
2018-04-30,-0.007440024293956801,0.007479733058628637,0.017715082424341923
2018-05-01,-0.02494331065759624,-0.014992979118539666,-0.004233177528882652
2018-05-02,-0.006623491315866983,0.014266607222469982,0.009725751336195562
2018-05-03,0.02438312162359471,-0.02745329757738294,0.013639181649100983
2018-05-04,-0.053393665158371136,-0.020635133324400395,-0.009090090900909056
2018-05-07,-0.0014230823964708772,-0.006316981789666364,0.021049826805222528
2018-05-08,0.0007177720356014522,-0.020980238530512722,-0.01814570732147698
2018-05-09,-0.019005430122892228,-0.020170212765957485,-0.003966505068312057
2018-05-10,-0.015603232098077522,-0.0028695001247608654,0.005867413959190837
2018-05-11,0.014703861481379596,-0.0035265319669750416,-0.007134678058662928
2018-05-14,0.0023653819396132142,0.01499999999999998,-0.011722508966844574
2018-05-15,0.011411665257819135,-0.004074011203530844,-0.002422145328719733
2018-05-16,0.01124701251230138,-0.003381377065809979,-0.007403581267217626
2018-05-17,-0.0193456614509246,0.001980448339794366,-0.01678369583832843
2018-05-18,-0.006571588366890365,-0.00783101930240431,0.007142256953197282
2018-05-21,0.014482758620689616,0.00729622680842193,-0.015323734949903236
2018-05-22,0.008339124391938964,0.009786439975119276,0.015364282174128526
2018-05-23,-0.014279655026155674,-0.03211746784021667,0.0013529511246407136
2018-05-24,0.013240418118466938,-0.005578571721563697,-0.014132470628299088
2018-05-25,-0.01132182281347293,0.005877551020408154,-0.0073275499031415
2018-05-29,0.0022598870056496695,0.003292316556236929,-0.003120782726045922
2018-05-30,0.0032430908065426392,-0.012274959083469721,-0.014441940061774686
2018-05-31,-0.001129464915996023,-0.008781514305370027,0.0308171461355627
2018-06-01,-0.022542705124614947,-0.003033326681301101,0.004449294828744133
2018-06-04,0.006279863481228584,-0.0019379078505042874,0.009988249118683882
2018-06-05,0.0002747630168980661,0.0051181102362205175,-0.00983134163912205
2018-06-06,-0.020884520884520898,-0.000788177339901433,-0.014785732186116535
2018-06-07,0.011231448054552793,0.02262675722634662,-8.231130134171633e-05
2018-06-08,-0.011436351259360156,-0.017621323827270493,-0.007275132275132355
2018-06-11,-0.010101010101010102,0.0030187480139815337,0.02687908496732031
2018-06-12,-0.009437724312109447,0.00023748268355433316,-0.03673880221439352
2018-06-13,-0.00828511309836922,-0.00957824201813168,0.001373404427209579
2018-06-14,-0.01145385916959515,-0.003694341823838404,0.025026237184144737
2018-06-15,0.003219160442956477,-0.0021489971346704555,-0.018331805682859668
2018-06-18,-0.011036094520903773,-0.020637074884240728,-0.009926168990976158
2018-06-19,-0.007828810020876752,0.00035738394948974867,0.011896947817525342
2018-06-20,0.005307443365695749,0.008915187376725803,0.0012486472987596061
2018-06-21,0.014513411947648108,0.01257936507936503,0.014700968927497537
2018-06-22,0.006277792309704287,0.018056507194389657,-0.020166372573733226
2018-06-25,0.006516824045750697,0.0019571101394961436,0.002905528806242689
2018-06-26,0.0006638343069569458,-0.006565006024847353,0.0009136971509261519
2018-06-27,0.031014913554177043,0.023741066294257786,0.003326403326403374
2018-06-28,-0.02716216216216223,-0.01361004268988545,0.032693436163970205
2018-06-29,0.001569858712715915,-0.007979163221432143,8.629616845004233e-05
2018-07-02,-0.02547770700636945,-0.009168222360506033,-0.016137428422696505
2018-07-03,0.023171987641606735,0.011073880353056587,-0.022375348405079088
2018-07-05,0.004182459809175368,-0.00469058591178413,0.05571364385202934
2018-07-06,-0.0129921259842519,-0.015175065445026212,-0.017664765525982288
2018-07-09,0.01106821106821106,0.0005202080832332751,0.0114435939070596
2018-07-10,0.010519480519480548,0.007346189164370996,-0.01688978829389801
2018-07-11,-0.043264764432647713,-0.005959862152848161,-0.02179773550026946
2018-07-12,-0.02623281624416696,-0.0197247339361447,0.012386211013281573
2018-07-13,-0.0012285012285011586,-0.015512095507382927,-0.01717225206142681
2018-07-16,0.016909692439651947,0.015272783513126817,0.010764745458622991
2018-07-17,-0.022612430520464962,-0.02228114611366153,0.0036532460613440125
2018-07-18,-0.006439628482972087,-0.007445900876444423,-0.017596665894883085
2018-07-19,0.00506047889410018,0.0012403100775193535,-0.003981669296070713
2018-07-20,0.015937731653076256,0.0024402525467714896,0.023166891587944247
2018-07-23,-0.0031446540880503146,-0.0070247613133586975,0.0003069603253778838
2018-07-24,0.02109862671660422,0.013599448360404578,0.0046373726623079314
2018-07-25,-0.010814249363867793,-0.018656860847687216,-0.016108099854950646
2018-07-26,0.021917118024940105,-3.817959682342282e-05,-0.00851095880093391
2018-07-27,0.02231447846393356,0.027628315207021595,-0.0036608143444154585
2018-07-30,0.03476184158153117,0.047559154154547575,-0.014083457526080588
2018-07-31,-0.00699492525030867,0.0010206997917772424,-0.017267871515328995
2018-08-01,0.009353395689304565,-0.012285714285714249,0.021281200403982233
2018-08-02,-0.0055668703326544,-0.026550631958277036,-0.007121133447073718
2018-08-03,0.04268456375838935,-0.002791250123725676,-0.0016880733944953377
2018-08-06,0.008291174817313146,-0.0054205903299834,-0.012680495492193723
2018-08-07,0.004817911293750733,0.004361493123772156,0.008689984792526737
2018-08-08,0.0008562865705721146,-0.0034789484087765325,0.020086188006719744
2018-08-09,-0.0068551842330763215,0.0029463759575721863,-0.005355150613611
2018-08-10,-0.00727532097004287,-0.006746031746031701,-0.0073485748218527994
2018-08-13,0.0012746069961762274,0.0024394082467737036,0.0017632797002425176
2018-08-14,-0.003377902885292176,-0.006564981523704757,-0.007916727752529048
2018-08-15,0.01534308850689016,0.012923561859732076,-0.02196118488253313
2018-08-16,-0.00014351320321456522,0.015427825467779602,-0.013455788124732922
2018-08-17,0.0051791109192921795,0.010829743548452023,-0.01012302284710016
2018-08-20,0.004045658141886822,-0.014954486345903682,-0.00798944004446301
2018-08-21,-0.005630142919012568,-0.004192453583549656,-0.017310070064569184
2018-08-22,-0.026588100028744014,-0.019753382018436443,-0.005556684963068328
2018-08-23,0.005449972051425385,-0.009347262587385104,0.0045193929173692245
2018-08-24,-0.033189234416399524,-0.012309836255951718,-0.007095553453169425
2018-08-27,0.010418057967143063,0.002281368821292862,-0.021630615640599003
2018-08-28,0.003367003367003367,0.0025028441410692766,0.010488599348534291
2018-08-29,-0.013118744928320245,-0.02038022813688218,-0.003937007874015711
2018-08-30,0.004032258064516282,0.0010872825434913784,0.008378059955491565
2018-08-31,-0.008109619686800872,0.007682169083035287,-0.015413234121711354
2018-09-04,-0.011784278386247174,-0.01141578488261839,0.011477667737915656
2018-09-05,0.0175510763746058,0.03565377809570433,-0.012191872085276566
2018-09-06,-0.004607008236772279,-0.010897061685152799,0.012794436060625868
2018-09-07,-0.024223861896143603,-0.011124031007751955,-0.004624574474918099
2018-09-10,-0.005143475906876146,-0.00416240965679049,0.014814343845371392
2018-09-11,-0.061698717948718014,-0.006407840180927209,-0.019920061887570933
2018-09-12,-0.010288582183186866,0.0001493484673112184,-0.01445389143230875
2018-09-13,0.001985357984861603,-0.005203458990004815,-0.01815840309079197
2018-09-14,-0.009565217391304299,-0.021152416356877316,-0.0080466324526388
2018-09-17,0.032028469750889674,0.024545454545454544,0.00677966101694923
2018-09-18,-0.010276579548338015,-0.011882964014797678,-0.011002213088839587
2018-09-19,0.004378831477542956,0.023087703769270454,0.015366356424511262
2018-09-20,-0.009260417970216608,0.0004878597966001887,-0.013778784446961104
2018-09-21,0.012787409320054004,0.019800864174337712,-0.0104683195592287
2018-09-24,-0.011292346298619717,-0.015730769230769135,0.0062862374122673245
2018-09-25,0.00475807946610647,-0.012244897959183492,0.012464104600720916
2018-09-26,-0.005671310565898086,0.00033512064343154226,0.017503852080123287
2018-09-27,-0.011349768123016924,0.0003333333333332407,0.006268020559107434
2018-09-28,-0.005195746737554284,-0.0007414272474513017,0.006760598976432814
2018-10-01,0.010691375623663645,-0.013725345893435452,0.021810388300554588
2018-10-02,-0.004456757407853585,0.009864948491136033,-0.005431971029487865
2018-10-03,0.009544261512765417,0.010027447392497746,0.08218898708361662
2018-10-04,0.025939393939393946,0.021484230055658703,-0.012028389988793528
2018-10-05,0.008224299065420519,0.00280345506894966,0.026892504271599466
2018-10-08,0.01759048342191851,0.027306752215093103,0.00730769230769222
2018-10-09,-0.009885535900104126,0.0,0.01538822059053283
2018-10-10,0.05021298567187299,0.05785680342151122,0.032010856549852244
2018-10-11,-0.0006775067750677122,-0.009221268135865686,0.012892561983471093
2018-10-12,0.006122448979591887,-0.004561233551303768,-0.01765583554376654
2018-10-15,-0.0017209425469949093,0.04159619875976489,-0.0024449877750611013
2018-10-16,-0.029419456066945605,-0.03235643564356442,-0.026816819249777104
2018-10-17,-0.012281835811247614,0.0088051759121012,-0.004998809807188728
2018-10-18,0.029201027443558153,0.022795581404426415,0.0019850722566301412
2018-10-19,0.0339335180055402,0.03046729711549871,0.012272872170863931
2018-10-22,0.004564907275320873,-0.02056910569105692,0.017572013158950475
2018-10-23,-0.017554211535624687,-0.022624801982208835,-0.0032332946443375935
2018-10-24,0.027195139592072842,0.0485615099158055,0.034196547144754355
2018-10-25,-0.03381358423992939,-0.04439030433166784,-0.014715889758421266
2018-10-26,-0.008644688644688694,-0.00799671929464842,-0.010059676044330834
2018-10-29,0.07278930907023037,0.04356325048869026,0.006498375406148472
2018-10-30,-0.02724920079159699,0.002426879785765147,-0.039425325760106905
2018-10-31,-0.005533711955730238,-0.0014261847520475707,-0.0007168458781362279
2018-11-01,0.002302820955670852,0.0016687695876917929,-0.03689978711661273
2018-11-02,0.013724088634739213,0.028105608954860715,0.01310734463276843
2018-11-05,0.05382352941176466,0.0004583333333333902,-0.0009208809761338696
2018-11-06,0.0010883084577113368,-0.000332667997338708,-0.021325737162214264
2018-11-07,0.0026049647563592044,-0.03525326797385619,0.03899866290298618
2018-11-08,0.039467645709040926,0.013224902293632285,0.0091807360149382
2018-11-09,-0.00018181818181814565,0.010987235417676518,-0.0041927062732378855
2018-11-12,0.020181818181818172,0.030597198328827718,0.018556376788803376
2018-11-13,0.030442804428044385,-0.0015101938082054437,0.004157671703845815
2018-11-14,0.029892836999435915,0.02865873802444664,0.01523930470672277
2018-11-15,-0.04182065745963832,-0.025515001282160863,-0.0017777777777777685
2018-11-16,0.03995476818695824,0.002630260521042184,-0.019927095990279413
2018-11-19,0.03286754575870895,0.07498947368421054,0.015587720693494463
2018-11-20,-0.031191124136487225,-0.04928131416837779,0.011507385946298838
2018-11-21,-0.016187050359712275,-0.0028846580570717493,-0.02136082474226807
2018-11-23,0.008125247720967175,-0.012796910780836038,-0.0014696276943173792
2018-11-26,-0.0043401065298875295,-0.01208604214843584,-0.022247299693696525
2018-11-27,-0.002766251728907342,-0.00641331195562677,0.0018130222292291028
2018-11-28,0.0015655577299412582,-0.04754098360655738,-0.009024562504904698
2018-11-29,-0.03791469194312799,-0.011081344374086661,-0.0096221544238442
2018-11-30,0.05044736341138394,-0.0026375734324421397,-0.012853470437018039
2018-12-03,0.08627450980392154,0.02090445322388857,0.024886535552193587
2018-12-04,0.003000428632661669,0.029223600031593102,0.0712074303405572
2018-12-06,-0.04108108108108105,-0.044291666666666646,-0.018864732256154336
2018-12-07,0.013369542510967215,0.041829381215024705,0.019134775374376016
2018-12-10,-0.01376243912767321,-0.027920491872315316,0.012142311284707418
2018-12-11,0.007617871113856237,0.024221453287197246,0.024778761061947003
2018-12-12,0.012232415902140558,0.017760710428417127,0.009179770505737463
2018-12-13,0.004923076923076964,0.00028208744710857617,0.0028185855825076725
2018-12-14,-0.00589846218664422,0.04469180927064293,-0.026541764246682174
2018-12-17,0.010924369747899225,0.02445688097651263,0.020889715832205676
2018-12-18,0.009005235602094234,-0.016402282838269024,-0.000256585699623684
2018-12-19,0.021128248468201986,0.0056214589235126676,0.052141208650311945
2018-12-20,-0.018839324382849663,0.01950672645739908,0.01569122553882221
2018-12-21,0.03716925661486762,0.048963789569574125,0.023396641893751697
2018-12-24,0.029988974641675843,0.008409859835669449,0.004890895410082732
2018-12-26,-0.04478955660589696,-0.07950418825352243,-0.04560475875743555
2018-12-27,-0.029096477794793223,-0.02341015500704567,-0.03877887788778882
2018-12-28,0.010989010989011056,0.01955356358203716,-0.007417218543046388
2018-12-31,0.009991496598639432,-0.0030147189217946744,-0.004280971518434467
2019-01-02,-0.03933701657458566,-0.0211904870174162,-0.018742816727079874
2019-01-03,0.023255813953488337,0.023451647953640017,0.024080560420315235
2019-01-04,-0.02543478260869569,-0.028884643377001428,-0.03320935175345377
2019-01-07,-0.026672311600338654,0.0030006523157207993,-0.005263604720264796
2019-01-08,-0.01834114530262887,-0.00012894906511928277,-0.007606787595084936
2019-01-09,-0.009132420091324218,-0.006068116747147626,0.06735668789808913
2019-01-10,-0.01683168316831686,-0.017110835436540187,-0.04853951890034357
2019-01-11,-0.003449762828805446,-0.007806202537015839,-0.004207226530275574
2019-01-14,-0.02648144128500106,0.003272001019844517,-0.0007411677509675467
2019-01-15,0.010352841749418865,-0.018747372845733534,0.0175699084385054
2019-01-16,-0.00791274593669813,0.006773399014778349,0.014777497900923519
2019-01-17,-0.009158679446219375,-0.017782034731187318,-0.014924092975383779
2019-01-18,-0.015869701399039423,-0.0002424732269145374,-0.007184028067830586
2019-01-22,0.02304338800083038,0.005221719087830951,0.028523630280217455
2019-01-23,0.027472527472527413,-0.0009391204932423738,0.007899029793079777
2019-01-24,-0.028950805398345787,0.01245826887061315,-0.018574776495095917
2019-01-25,0.0012536564981195629,0.00016327197028458493,-0.0015175786190035141
2019-01-28,0.005531914893616979,-0.003526970954356823,-0.010215374138077831
2019-01-29,0.013589301121656655,0.014639593068938389,0.005193064745791143
2019-01-30,-0.002815071459506335,-0.01045136575616252,0.010439285117755137
2019-01-31,-0.01678863538527768,-0.01983539094650203,-0.020165372932838346
2019-02-01,0.025005297732570455,0.0017754822048260744,-0.0066033842344201165
2019-02-04,-0.009930915371329898,-0.02486321210170585,-0.0036175285702540307
2019-02-05,-0.019390581717451602,0.0074783827997196226,-0.022572994193179072
2019-02-06,0.044444444444444446,0.0027836587469615304,-0.017246911599550826
2019-02-07,-0.017357093265447814,-0.009588986591334088,0.011273420133375575
2019-02-08,0.008451347647327651,-0.022315923465531698,-0.015857605177993592
2019-02-11,0.08424657534246571,0.001931322183166596,-0.007300428503412171
2019-02-12,-0.0329697570649479,-0.004689602152604372,-0.04425538557602238
2019-02-13,-0.038201723736314946,0.01102116824383376,0.016680318713232414
2019-02-14,-0.030392379224313818,-0.002852737085582148,0.012393552311435704
2019-02-15,0.019133494611831923,0.0034186064377352172,-0.0011455628532152564
2019-02-19,-0.0006749156355454225,0.004517723376322557,0.004067848645329658
2019-02-20,0.042310275352585636,0.00011622050904572392,0.01191208115585622
2019-02-21,0.018735362997658177,-0.0017877963466769512,0.00023397285914834767
2019-02-22,0.011904761904761904,-0.005007569581926026,-0.014050613258810763
2019-02-25,-0.0033476805356288993,0.011013384321223693,-0.0011408579251597634
2019-02-26,-0.006217120994739311,-0.012480620155038865,-0.011111111111111025
2019-02-27,0.0064194008559201885,-0.012049120375716964,0.003949867071781315
2019-02-28,-0.008616562948779306,-0.00038109756097569645,0.004589963280293714
2019-03-01,-0.005633802816901455,0.006547507055503327,-0.005625665196898351
2019-03-04,0.029493729679517026,0.03202099737532795,0.0006787842220378868
2019-03-05,-0.0009560229445506488,0.006254826254826273,0.01843735831948011
2019-03-06,-0.014541120381406421,0.0038850038850038854,0.013495276653171262
2019-03-07,0.023803912326184257,0.001212026429995708,-0.007382601415633057
2019-03-08,-0.024871982443306587,-0.01292297904489244,0.01369548584544753
2019-03-11,-0.016339095429789365,-0.019454644894132313,-0.011161925432137027
2019-03-12,0.010215927559786342,-0.006301076911326576,-0.0016059957173448147
2019-03-13,-0.02031286481438255,0.0042184557438794896,-0.005317936640583583
2019-03-14,0.00937571461239416,-0.009160823343135064,0.003564386470499221
2019-03-15,-0.013857337573830064,0.0036429872495446184,0.0069871648819016295
2019-03-18,-0.0008902737591809292,-0.0025281008128815573,-0.0010719754977030229
2019-03-19,-0.01775926331944754,-0.003816058281617427,0.019754404698344927
2019-03-20,0.004528790166055658,0.0030705457895141295,0.03270954552602619
2019-03-21,-0.05468750000000007,-0.020000000000000025,-0.0013821138211382253
2019-03-22,0.029807493272614463,0.014346984476411088,0.030008970072575983
2019-03-25,-0.004919786096256618,-0.01180510011187841,0.0016852039096730944
2019-03-26,0.017978003384094783,-0.0020373514431238017,0.0022673832717500504
2019-03-27,0.01663426225966723,0.012013708432192212,-0.006671170410403581
2019-03-28,-0.006175562417291443,-0.00011385199240976362,0.002587862091994342
2019-03-29,0.014075357297531368,-0.00384224206124979,0.005963720699080584
2019-04-01,-0.013333333333333279,-0.00859736890865293,-0.018029142998271158
2019-04-02,-0.0008435259384225885,0.005643299497966081,-0.0008078196946441095
2019-04-03,0.0020942408376963648,0.008074239158233092,-0.05025712949976616
2019-04-04,0.015100671140939574,0.01140305557605739,-0.010261331758452579
2019-04-05,-0.004460492778249806,0.007385688836104547,-0.012898994315697495
2019-04-08,-0.0071988143129367655,-0.00692987713515142,-0.008077311409202398
2019-04-09,0.0038143674507310813,-0.007000598981731074,-0.0035254334844232005
2019-04-10,-0.010984368398816982,-0.007830185178312824,-0.000572327943911951
2019-04-11,0.018518518518518528,0.00018385732671451137,-0.006285714285714253
2019-04-12,0.0025316455696201994,0.004212299915753919,-0.009601807399039916
2019-04-15,0.03215570129045913,-0.001324210990951275,-0.006273088450547192
2019-04-16,0.01936887921653973,0.006005786062181808,0.01896193771626304
2019-04-17,0.004206331636041728,0.009993753903810219,0.006192386179720103
2019-04-18,-0.0028773793714033324,-0.0017771853826502953,-0.00014042971492775054
2019-04-22,-0.002210433244916035,-0.008857757023200602,-0.01716707877075223
2019-04-23,-0.019956140350877116,-0.0218316577383136,-0.010985973882401738
2019-04-24,-0.0064585575888051056,0.013501898144832169,0.0020484807101398632
2019-04-25,-0.01607372481783112,0.002658045977011323,-0.003658199889563785
2019-04-26,-0.014111204717775943,-0.01358832410669341,-0.003855687138529346
2019-04-29,0.0006194507536651071,0.0011170844096906835,0.0028700287002871114
2019-04-30,0.0041313778145010485,-0.011010136315973355,-0.0009576578425337901
2019-05-01,-0.00434332988624614,0.026288659793814353,0.01461050044377679
2019-05-02,-0.015785157851578434,0.012361375997739635,-0.0010389250588724594
2019-05-03,0.021784232365145314,-0.010687995469988611,-0.007288629737609408
2019-05-06,-0.04627416902020411,-0.0218299711815562,-0.025659100521640957
2019-05-07,0.02158876545797529,0.0062764507567606345,0.00041707215348256823
2019-05-08,0.004888416578108329,-0.0034078961679295137,-0.007522986904430092
2019-05-09,-0.010836584308625921,-0.005945433323606636,0.003826086956521818
2019-05-10,0.011597938144329878,-0.017910665984355707,-0.004408060453400671
2019-05-13,0.029510395707578813,0.010588952747029399,0.019538188277087035
2019-05-14,-0.02288329519450801,-0.009019040195969294,0.009086975335352595
2019-05-15,-0.040233760395594495,-0.025943221406863837,-0.005145545427815474
2019-05-16,-0.022044521288091548,-0.017657825790474882,-0.002251434381581831
2019-05-17,0.008972441785943211,0.00649673388241971,0.010766864425401002
2019-05-20,0.04468784227820371,0.0023542194856937125,-0.007926418903761327
2019-05-21,0.011826245167159336,0.0005032169943567318,-0.009642988590357029
2019-05-22,0.0006986492780624391,-0.015860428231562168,-0.02042465652780819
2019-05-23,0.005656375206222059,0.014517230227460634,0.0029263296510352306
2019-05-24,0.004003768252472956,-0.004496600131607667,0.015475152571926734
2019-05-28,0.0059414990859231725,-0.00636551050670907,0.000739316871210959
2019-05-29,-0.018287037037037015,0.00693813796360211,0.01963555224990693
2019-05-30,0.01089918256130783,-0.0002915133185146816,-0.005363753116265075
2019-05-31,-0.006031083275342102,0.001400766735476244,0.010402496599183781
2019-06-03,0.021698984302862368,0.04243835717718391,-0.01851851851851857
2019-06-04,-0.014657980456026119,-0.02066319747787442,-0.03630363036303623
2019-06-05,-0.017135023989033583,-0.0002932766331844011,-0.010614101592115281
2019-06-06,0.0015855039637599159,-0.003945637878123571,0.01642048436679911
2019-06-07,-0.024841915085817557,-0.008301011345923879,0.009924994317751361
2019-06-10,-0.0052436093511032305,0.002277742188056243,-0.020636612854096924
2019-06-11,-0.004517100451710063,0.02789616427741191,0.011617581767056337
2019-06-12,0.02948773138183378,-0.002571252670843369,-0.003981968444778371
2019-06-13,-0.013201320132013075,0.008219964822857834,-0.007958940791431071
2019-06-14,0.003930131004366806,0.0059077235330363236,0.010231316725978615
2019-06-17,0.013785557986870952,-0.0035320249062375827,0.010955203721767899
2019-06-18,-0.004829857299670823,0.0128045083282806,-0.0052316890881912445
2019-06-19,0.009613283810356234,-0.014668989547038257,0.01749573726740296
2019-06-20,0.006958034355294635,-0.030213128729752816,0.007469861696620215
2019-06-21,-0.00834614539863816,0.007065614011809181,-0.0012686567164178172
2019-06-24,-0.03308501314636279,0.0004333333333333182,-0.0028886749129695194
2019-06-25,0.018483110261312885,0.03756558938538135,0.013436692506459898
2019-06-26,-0.007981018119068107,0.008720730618691079,-0.0017870439314965052
2019-06-27,-0.004034826927160708,-0.010998482967866492,0.007246912667307475
2019-06-28,0.0063157894736841505,-0.0005093378607809075,-0.024591381872213984
2019-07-01,0.00793650793650799,-0.004740443999332385,-0.007933671646058278
2019-07-02,-0.00041701417848198543,-0.0006640326704073463,-0.015869293308317597
2019-07-03,-0.012695109261186253,-0.012251655629139034,-0.03968925467271746
2019-07-05,0.003724394785847294,9.86809644418694e-05,0.023316643001270492
2019-07-08,0.027824267782426745,-0.0005284713964857479,-0.012631903258106649
2019-07-09,-0.004331817197314181,-0.01211072664359857,0.004975886090484619
2019-07-10,0.001279317697228042,-0.006161914126515881,0.02111544640807899
2019-07-11,-0.008951406649616404,-0.0006831712157195628,0.0010924697619977743
2019-07-12,0.009027923577577151,-0.004577773448914078,-0.014994949887343472
2019-07-15,-0.008463817181548849,0.00400000000000003,-0.01569763011506517
2019-07-16,0.013022474270111268,0.007467532467532505,0.0006014585369519892
2019-07-17,0.005115089514066538,-0.007358447562921209,0.012944009632751347
2019-07-18,0.015715823466092658,-0.009342143810422853,0.0035798613755807667
2019-07-19,0.01869565217391303,0.01505328026704326,0.0018259281801583163
2019-07-22,-0.005294506949040415,-0.0005188235675606376,0.0033457531746635067
2019-07-23,-0.00218245307725887,0.006550288793520795,-0.013485870141677408
2019-07-24,-0.025158608619558053,-0.01458421895948458,-0.015170859932406923
2019-07-25,0.0035895270270270632,-0.00022678675565344773,0.006822901216256422
2019-07-26,-0.010741364785172812,-0.004193954253637302,-0.010439970171513838
2019-07-29,-0.009375000000000059,0.01513111495800465,0.0017764618800886801
2019-07-30,-0.003950103950103903,0.00468744878224672,-0.017981049018876344
2019-07-31,0.001024800163967968,0.015645070979216757,0.017638878723559955
2019-08-01,-0.02575107296137335,0.0023733912752798916,0.025593333829328158
2019-08-02,0.01566265060240952,0.006292925533714564,0.0016796457474423491
2019-08-05,0.036975141006893586,0.016418748245860253,0.004370902279113349
2019-08-06,0.01812434141201263,-0.009096357931107373,-0.01852284224453261
2019-08-07,-0.04315766644979401,-0.024022108843537317,-0.011487115802545713
2019-08-08,-0.019004337946705262,-0.017181895815542178,-0.007764920828258083
2019-08-09,0.014356029532403523,0.004423583440264747,0.015306122448979524
2019-08-12,-0.0019153011278994743,-0.0014571696214827014,-0.003024033105204597
2019-08-13,-0.02426048095339435,-0.017139090309822008,-0.02132739137354772
2019-08-14,0.03886175408791687,0.013699582753824747,0.018431715261778083
2019-08-15,0.00043927081045471393,0.010257666993418313,0.016651847061676404
2019-08-16,-0.015672616456247256,-0.006548077596470358,-0.011585216610916226
2019-08-19,-0.00778128286014731,0.011499382122751497,0.00911613158937777
2019-08-20,-0.023704636039437704,0.00784803972636055,0.009463469404122163
2019-08-21,0.0012219959266802907,-0.01036251472932679,0.0011213456147376897
2019-08-22,0.004260499087035927,0.016679768944184284,-0.0021551724137930718
2019-08-23,0.026131687242798417,0.02347612626629333,0.024787421787261378
2019-08-26,-0.014586372160866758,-0.013620725970652234,0.012168231931400646
2019-08-27,-0.01168316831683175,0.004162939516961523,0.01243557228176397
2019-08-28,0.008295476989926954,0.015424882219507994,-0.006655574043261207
2019-08-29,0.0007843137254901793,-0.003220048300724567,-0.02270499836654689
2019-08-30,0.013452914798206234,0.010090115166487019,0.0045245277028100285
2019-09-03,-0.01148969889064987,0.0063324538258575595,0.02705740666399029
2019-09-04,-0.02766039185555124,0.005034260942525513,-0.012596505485574947
2019-09-05,0.010335448776065282,0.00027794184066978457,0.017097384179010414
2019-09-06,0.0016462410828608635,0.011311589174184563,-0.01003290793803676
2019-09-09,0.001085972850678774,0.025198938992042338,-0.0203017615925428
2019-09-10,-0.023378995433789976,0.005187693637870155,-0.035887937022458946
2019-09-11,0.028829147506190353,-0.00043218324569598677,-0.03315245670110762
2019-09-12,0.01788877081119373,0.01060498220640576,0.015690225996833215
2019-09-13,-0.005571531272465893,-0.0004672561282438194,-0.010529373320746414
2019-09-16,-0.010873504893077228,-0.022811076567131813,-0.0013744212962962798
2019-09-17,0.0027027027027026773,-0.002288410083086809,0.018728222996515564
2019-09-18,0.0016301394674878356,-0.015870710005447628,-0.00022373033037512965
2019-09-19,0.00757712430092011,-0.0038904950565727056,-0.0029746411839072333
2019-09-20,0.005087209302325602,0.013103693181818173,-0.0015514184397161608
2019-09-23,0.005324031577014855,-0.005472402420903819,-0.01660120062254488
2019-09-24,0.011902581944698747,0.025431003648329484,0.037651046271735815
2019-09-25,-0.019484134347745354,-0.020338359691063002,0.001763397991259819
2019-09-26,0.009137426900584795,-0.019212813330460474,0.003584229390680995
2019-09-27,0.03467994834901315,0.024909531672697802,-0.0028047301394785065
2019-09-30,-0.006083650190114073,0.004647978669741372,-0.02090433992274476
2019-10-01,0.008248968878890229,0.022509767375174843,0.04619465114565669
2019-10-02,-0.0067437379576108175,0.016667895862526667,-0.08054511278195482
2019-10-03,-0.036022226480168666,-0.02053049602877252,-0.03837842510156451
2019-10-04,-0.012602739726027356,-0.01409688403939792,-0.008071226493592935
2019-10-07,-0.0063567017798763946,-0.0020990156340474236,0.011419114604882048
2019-10-08,0.011324200913241962,0.013225970997595262,0.0073728813559322415
2019-10-09,0.006138392857142826,-0.0027420298332845863,0.0004213364793123549
2019-10-10,-0.014358586812771548,-0.0033569291396045244,-0.009843513377082296
2019-10-11,-0.008647654093836225,0.0002873872902970294,0.004324765401876794
2019-10-14,-0.01214351425942956,0.0011865808493043792,-0.0050234703121139705
2019-10-15,-0.0074342701722575465,-0.004385807240176764,-0.01678754787710865
2019-10-16,-0.00342960288808673,-0.009140361913925065,-0.024264583679574552
2019-10-17,0.007321428571428511,0.01236198231906388,0.010362278094626011
2019-10-18,0.020122170319798734,0.014256014256014374,-0.0020378219758721877
2019-10-21,-0.0047058823529411405,-0.004555208372548205,-8.074283407351729e-05
2019-10-22,0.020657445661936384,0.02756154791612363,-0.01185483870967741
2019-10-23,-0.004398826979472047,-0.0012260536398467172,-0.016126456969503402
2019-10-24,-0.0047118521203334185,-0.021436146038478897,0.02792116377287653
2019-10-25,0.016900907311866265,-0.011874533233756559,-0.0008814808878916533
2019-10-28,0.025540275049115907,0.0008468959422636474,-0.016253684965341342
2019-10-29,0.008628602900679253,0.0008465842167256264,-0.010900473933649365
2019-10-30,-0.011221719457013528,-0.018883806038426442,-0.0049218749999999645
2019-10-31,-0.0017879492222421136,0.0012218349085419736,0.028115264797507783
2019-11-01,0.006938267212239825,0.004728809916171073,0.0019803548795944235
2019-11-04,-0.002699784017278592,0.010906757912745944,-0.023070305779307018
2019-11-05,0.0046594982078852695,0.00965389750436477,-0.007798165137614539
2019-11-06,-0.010397992111868022,0.005914703745979165,0.017963160298371025
2019-11-07,0.0387665198237886,-0.008567464446756748,0.01725592453409004
2019-11-08,-0.01495327102803733,-0.008413212881870209,-0.005021971123666155
2019-11-11,0.024698235840297088,0.005754410001712645,-0.004028754245990923
2019-11-12,0.014231499051233396,-0.003198184256680102,0.010907093534212183
2019-11-13,-0.014147286821705365,-0.00575618447200715,0.0007987858455147721
2019-11-14,-0.007262996941896073,-0.0033726238332082584,-0.01675485008818345
2019-11-15,-0.005456255879586061,-0.003237337290078841,-0.0038314176245210327
2019-11-18,0.01310125397716644,0.0013107040833472907,-0.009341392573985493
2019-11-19,-0.003389830508474571,-0.006192468619246938,0.007751937984496124
2019-11-20,-0.01587152516904581,-0.002371488693677265,0.0013318708868693334
2019-11-21,0.00481927710843383,0.0006354727582862226,0.0064253251841404745
2019-11-22,0.013576343686070372,0.0009679895857670938,-0.001809883537928895
2019-11-25,-0.00939319932368965,-0.015974440894568537,-0.009512670565302136
2019-11-26,-0.004450213239384424,-0.009508196721311401,-0.01841294298921407
2019-11-27,-0.0027609055770292396,-0.001815235008103735,-0.00022525904790509938
2019-11-29,-0.012931830777757171,-0.0032736937637754147,0.014765707397920807
2019-12-02,0.012743491716730436,0.020923614255222905,0.003811847221163376
2019-12-03,-0.01828017160977437,-0.019011534334764,0.001246688483715105
2019-12-04,0.015890410958904064,0.008163934426229537,-0.0008512614146418019
2019-12-05,-0.01663893510815305,0.00032989146570785717,-0.02726222564497491
2019-12-06,-0.00163280116110311,-9.797517962125917e-05,0.008007117437722302
2019-12-09,0.013243831640057999,0.00602117121491701,0.004267105854169947
2019-12-10,-0.027175908923980845,0.007990346357054296,-0.007393436439079515
2019-12-11,-0.009653199856989618,0.004620678354907318,0.013573303337082883
2019-12-12,-0.03462897526501768,-0.0097689768976897,-0.00802604679336717
2019-12-13,-0.00256410256410254,-0.012193180732864232,0.016097487588385636
2019-12-16,0.010467668411278027,-0.014188617784320574,-0.006159695817490512
2019-12-17,0.00749574105621814,0.006737632291410281,-0.02782778277827789
2019-12-18,-0.011655810764484053,-0.007078547035082187,-0.0052386495925494676
2019-12-19,-0.007153806847215154,-0.010019113385535483,0.008355736394681434
2019-12-20,0.0030303030303030255,0.0023144623443066992,0.010010155229943593
2019-12-23,0.011912751677852364,-0.0003649302070979064,-0.003514423780934176
2019-12-24,-0.0005103776794828367,-0.0019452887537993507,0.005100182149362395
2019-12-26,-0.0013603128719605218,-0.004762915996723578,-0.006570302233902802
2019-12-27,0.00042222597534197903,0.006278538812785313,0.0036895030022425735
2019-12-30,0.007919123841617503,0.006084455880127282,-0.0010894037330234998
2019-12-31,-0.011920980926430567,-0.010911877394636022,-0.0030527692978629703
2020-01-02,0.02103154732098144,-0.013424242424242444,-0.00518395852833197
2020-01-03,-0.011028778218163029,-0.008020171947625806,-0.015786410592172177
2020-01-06,-0.021720540448093094,-0.016509793170672145,-0.0040395296833297435
2020-01-07,-0.010805830122298596,0.0022744276522519554,-0.016364952932657634
2020-01-08,0.0019999999999999575,-0.012162607471316025,-0.02228571428571432
2020-01-09,0.014940239043824678,-0.0009113894278826432,0.0632258064516129
2020-01-10,0.013554216867469798,0.0065487501827218506,0.011092985318107663
2020-01-13,-0.002029769959404678,-0.011975171283012166,0.007998680629999167
2020-01-14,-0.007888553205773731,0.006858591971412914,0.013632585203657527
2020-01-15,0.00682764363030802,0.010045609375902136,-0.022426439591939944
2020-01-16,-0.007166666666666662,0.001734204289265341,-0.005338809034907644
2020-01-17,-0.010394324368916063,-0.002120343839541573,-0.0025209400666829493
2020-01-21,-0.0068852459016393724,-0.010480122412449102,0.003899268887083589
2020-01-22,0.021573398215733956,0.007203630175836699,0.014613273050218006
2020-01-23,0.0031498673740052675,-0.002108141986211638,-0.011284078741454612
2020-01-24,0.01361673862504152,0.007709686529229082,0.016275303643724738
2020-01-27,-0.002234060835195095,-0.0171827351630306,-0.004414827155351946
2020-01-28,-0.02109202245279813,-0.01613180515759311,0.004772484160289627
2020-01-29,0.0014878492312779535,0.014119846984761526,0.00787143325680546
2020-01-30,-0.016188251001335092,-0.02015050322639694,-0.015200868621064003
2020-01-31,0.028571428571428668,0.013208183453237378,0.025867768595041286
2020-02-03,0.0073328785811732555,-0.012987747941484324,8.410428931879828e-05
2020-02-04,-0.005946313285762851,-0.009107668601931603,0.007233867653103244
2020-02-05,0.021449950116395063,0.022567448327495382,0.0034151894617011035
2020-02-06,-0.018077377935462078,-0.003550360498142764,0.021587404642103528
2020-02-07,-0.0032610467960215695,-0.00024590163934419394,0.019166666666666644
2020-02-10,-0.003419081732334758,-0.012478108581436083,-0.005858877473040654
2020-02-11,0.01194897464879706,0.010052810765890144,0.0022664316293124825
2020-02-12,-0.021138211382113775,-0.00984783077919284,0.006831625426976651
2020-02-13,-0.005461847389558288,-0.006119819626368834,0.002361673414305003
2020-02-14,-0.013239751156484375,-0.009009248432018824,0.016241689808970738
2020-02-18,-0.005997474747474788,0.0035507627564438874,0.0005142710208279959
2020-02-19,-0.005781250000000071,0.001432926034963425,0.011236911551885529
2020-02-20,0.0003124023742579822,0.013125000000000053,-0.0024227740763173933
2020-02-21,0.006972735819492326,0.013411988783662223,-0.0025996533795493684
2020-02-24,-0.017970919784348987,-0.005683896564337878,0.0003544214070530414
2020-02-25,0.037055016181229763,0.036565096952908556,0.05501760563380282
2020-02-26,0.006193505189153072,-0.005552375500858609,0.026330376940132988
2020-02-27,-0.009169550173010401,0.007294117647058877,0.02701911822083492
2020-02-28,-0.03268786640611127,-0.06380617717773253,-0.0645829020906644
2020-03-02,-0.03927958833619222,-0.029930533718304137,0.008121434786812369
2020-03-03,0.029887714663144025,0.037096417514374216,0.027761542957334837
2020-03-04,-0.042499999999999954,-0.02672272701619738,-0.03306356099486783
2020-03-05,-0.012175057584731853,0.011350194333352192,0.009460924411155945
2020-03-06,-0.005364626990779552,0.010809223087090637,-0.054867437813491654
2020-03-09,-0.013250883392226149,0.018897587268993796,-0.025787667671831174
2020-03-10,-0.02119428090832629,-0.04200890337952215,-0.010162204416650302
2020-03-11,-0.009872340425531886,0.028027873704982657,0.033815946053153474
2020-03-12,0.009800362976406518,0.018628835095210305,0.03466052429527253
2020-03-13,-0.03578947368421051,-0.07229608795704424,-0.031145597585946764
2020-03-16,0.006590096027113565,0.008065729907288202,0.031138687808801652
2020-03-17,-0.04658963846440552,-0.07077609890109895,-0.045730284647690175
2020-03-18,-0.04886792452830195,-0.015896551724137977,0.1263958184842005
2020-03-19,0.026788924847177185,-0.05394660177537105,-0.06612592796260658
2020-03-20,0.057918552036199146,0.05618049341684789,0.02856054836252856
2020-03-23,-0.06940630622100179,-0.035729935618700796,0.059041567381519826
2020-03-24,0.0670209118957834,0.04012880852117903,-0.1154918359219435
2020-03-25,0.03890201781494275,0.006785714285714205,0.03092168099331427
2020-03-26,-0.08782510365623815,-0.05451158534592636,-0.05079754601226995
2020-03-27,-0.007250221043324557,0.01883221045877448,0.002769416014449175
2020-03-30,-0.002228316763798345,-0.030755285052931465,-0.038005325587024935
2020-03-31,-0.024810475534114366,-0.005783635156916608,-0.007646159275379267
2020-04-01,0.008620689655172414,0.018859934853420263,0.007744314689612729
2020-04-02,-0.04307533893941991,-0.02082213863514236,0.0692540933899334
2020-04-03,0.02089454782892591,0.027974574587830193,0.011583519810451434
2020-04-06,-0.007688532635367232,-0.04100339248434236,-0.05554852587624953
2020-04-07,0.04253958100111952,0.05644299196725823,0.013559708295351093
2020-04-08,-0.011762756792577881,-0.010513572065757652,-0.02480000000000002
2020-04-09,0.013381201044386427,-0.00015691197238352854,-0.00853765323992996
2020-04-13,-0.040345510764052996,-0.01490789390390574,0.03699244828718408
2020-04-14,0.010940919037199058,-0.036484472427532944,0.01600264871426998
2020-04-15,-0.04917771036244597,0.00831991411701546,0.026435309188308026
2020-04-16,-0.024024317756024764,-0.008801624915369018,0.027574631339167932
2020-04-17,-0.005714285714285646,0.017084129554887143,-0.0224958560265215
2020-04-20,0.0018012608826179007,-0.012001525866369244,0.020275077069006497
2020-04-21,0.007850241545893661,0.034936931651510614,-0.022036852589641564
2020-04-22,-0.004197901049475279,0.0018968021101924755,0.02577503266421192
2020-04-23,0.016422812779934435,0.010416051932723438,0.0022957950700823095
2020-04-24,-0.00877856818525825,-0.018047337278106576,0.0016770483948251144
2020-04-27,0.005000222561835145,0.0008600917431192986,-0.016165458219422318
2020-04-28,0.046865671641791055,0.055623212212183824,0.022646688779595147
2020-04-29,-0.009992361533305356,-0.02839218920272154,-0.025262917238225806
2020-04-30,0.016815797593335336,-0.016177696043217137,0.018142646558566667
2020-05-01,-0.025023756731073776,0.009791498675267924,0.027288836385115204
2020-05-04,-0.020970457676412133,-0.024564183835182263,-0.01132447070408668
2020-05-05,-0.012708733559923148,-0.007781991057784821,0.004992867332382331
2020-05-06,0.015270270270270208,-0.012852033974072323,0.012173290368779212
2020-05-07,-0.010925183238832693,0.005531153408166641,-0.0010647107535786515
2020-05-08,0.0005465974309921597,0.006729729729729754,0.004515456755817999
2020-05-11,-0.03283698941567911,-0.015252569429258804,0.04600684204317555
2020-05-12,0.04005846010761975,0.017121628169923967,0.038249356381022316
2020-05-13,-0.01599779340780577,0.02153090462546046,0.037596899224806336
2020-05-14,0.0021881838074399723,-0.003926553672316346,-0.055655544787484364
2020-05-15,-0.01790140457174328,-0.03905338908325517,-0.02464228934817169
2020-05-18,0.01326834551854866,0.009741919857907769,-0.04655745781500186
2020-05-19,-0.0017832647462276466,-0.00627230453119929,0.04267205515273968
2020-05-20,-0.0033317467872442316,-0.01701969725086826,-0.024067096146833646
2020-05-21,0.025416890801506192,-0.00044502617801051286,-0.000712166172106852
2020-05-22,-0.0009587727708532143,-0.010147093526311662,0.001295794557662851
2020-05-26,0.04593157966471316,0.036751918158567785,-0.013863841298467133
2020-05-27,-0.012411603405974879,-0.0051709355910406355,-0.01725811670801433
2020-05-28,-0.0031428571428571265,-0.019677852348993247,0.062163588390501325
2020-05-29,-0.018681007642230504,-0.01040196539647697,0.018009802804057885
2020-06-01,-0.011081867294639107,-0.006716957734835235,-0.06315667936727859
2020-06-02,-0.0027480076944215834,-0.0013336068937217424,0.0004286326618087446
2020-06-03,0.03412073490813647,0.0023028504170717395,-0.008031709606759111
2020-06-04,-0.004460431654676291,0.009499358151476222,-0.0375494071146245
2020-06-05,-0.021179585233122696,-0.021474625623960044,-0.020194394639992456
2020-06-08,-0.032705504453204984,-0.01734015345268535,0.0014782608695652322
2020-06-09,-0.010101010101010085,-0.00032743117648553586,0.0038738738738739354
2020-06-10,-0.019894998618402843,-0.01809354588453169,0.05716928769657718
2020-06-11,0.021819678880197656,0.03082499999999996,0.021074595722483005
2020-06-12,-0.002517482517482613,0.006743220131932545,0.008323183110028352
2020-06-15,-0.023922775601566783,-0.006369107321965806,-0.040685909042496464
2020-06-16,0.013513513513513514,-0.009415687909177923,0.009382410557789428
2020-06-17,-0.02496946668476053,0.0012318840579709925,0.009639303482587135
2020-06-18,-0.00026319252533241525,-0.01683192261185001,0.028544142614600997
2020-06-19,-0.00525072197427135,-0.010029261846328111,0.029288702928870185
2020-06-22,0.007173601147776146,-0.022566206639313705,0.0017881090746536745
2020-06-23,0.003649159390069088,-0.001090735564796551,0.002534156015866064
2020-06-24,0.011509285901124712,0.018909090909090893,0.04485752448797864
2020-06-25,0.005221250489492308,-0.01613915955442896,-0.025634967513289867
2020-06-26,0.0018291089626339243,0.02082568807339446,0.027633851468048264
2020-06-29,0.004220522289633252,0.006813233124956158,-0.035710144927536214
2020-06-30,-0.0027744748315498475,-0.02022593043967375,0.042600000000000054
2020-07-01,-0.034194831013916474,-0.01152253909843604,0.04778651220521312
2020-07-02,0.017118944965762037,0.0046067415730337334,0.05050933786078089
2020-07-06,-0.0026765230690798873,-0.010245535714285658,-0.025948539031835974
2020-07-07,0.006329113924050633,0.007136702092401426,0.02042571490002141
2020-07-08,-0.0027826966860612047,-0.008638928067701022,-0.010438413361168977
2020-07-09,-0.00888277242587256,-0.0008687342541915934,0.033500108766586885
2020-07-10,-0.006813676907829499,-0.01165288718182411,-0.00845832863426187
2020-07-13,0.04950615778563592,0.05811354492624041,0.021799269669137974
2020-07-14,-0.03853664887384447,0.004498095194382054,-0.043938531587933975
2020-07-15,-0.008023433520122386,0.004368719965050318,-0.036817604739737664
2020-07-16,-0.0062119675456390605,0.004994981677286806,-0.021651716671821926
2020-07-17,0.009696511774335677,-0.01004391292161079,-0.003910558507971528
2020-07-20,-0.026432275199190634,-0.04886421232087725,-0.007133527579624171
2020-07-21,0.010839610508910417,0.02585129475738378,0.004940223298093074
2020-07-22,-0.001605532913424669,0.005585968048262764,-0.016220519454672205
2020-07-23,0.023070315376119716,0.029884954161423716,-0.010946745562130171
2020-07-24,-0.00844679778113971,-0.01249411764705883,0.010527341846183822
2020-07-27,-0.01277915632754344,-0.012344535284989789,-0.013903954245143443
2020-07-28,0.007988202040063975,0.010461735686651543,0.01608316171422968
2020-07-29,0.0007383706620723883,-0.002619726077764469,-0.01824853714172373
2020-07-30,-0.01364764267990085,-0.02069863714591371,-0.0036753749875832378
2020-07-31,0.0021736505252989593,-0.005294357210733461,0.011964107676969121
2020-08-03,-0.004501836275322944,0.0041570336119508,0.0019103157048059294
2020-08-04,0.0036879105681686436,0.0029893365457546403,-0.006631832797427762
2020-08-05,0.0038984051978737445,-0.0009352245652319489,-0.02512413108242305
2020-08-06,0.008109651627641276,-0.028270743325578798,0.0045679852269413825
2020-08-07,0.023214497216629253,0.02451884479354267,-0.028831118060985175
2020-08-10,0.0020623559383719727,0.015720407664808898,-0.017848666097028343
2020-08-11,0.029321555637345117,0.011425067005860112,-0.007243719053731818
2020-08-12,-0.02676551897461668,-0.01826828543338594,0.02135712354690461
2020-08-13,0.012032085561497263,-0.00885511242630078,-0.00027675276752768573
2020-08-14,0.019153348786141187,0.008396287024524166,-0.017828806123401576
2020-08-17,-0.012597258243793949,-0.0035111111111110756,-0.012162780064014746
2020-08-18,-0.006416464891041177,-0.019173684557707887,-0.0009009009009008497
2020-08-19,0.01169379144062687,0.004910723901010208,0.0024306805905653225
2020-08-20,-0.024079492806632633,-0.03794008546823143,0.001827318410233009
2020-08-21,0.009994051160023837,0.008111677042067425,-0.0017487344684767392
2020-08-24,0.0028797696184306347,0.0038482452838080375,-0.014585232452142154
2020-08-25,-0.008320270107319398,-0.016279606436318608,0.017042919603819012
2020-08-26,-0.007753787426935533,-0.06346714961263712,-0.010465962868583962
2020-08-27,0.012941176470588168,0.016743415348451855,0.006470746832030187
2020-08-28,0.008814770696843468,-0.008022173208674124,0.0025175328178385285
2020-08-31,-0.008573843738678828,0.0009146460125326495,0.009156844968268277
2020-09-01,0.00612806194375736,-0.025145631067961253,-0.003037834852250744
2020-09-02,0.0015553960277577825,0.004568764568764654,-0.017896475770925138
2020-09-03,0.031943105110896715,0.03466499377417844,0.021821803694313625
2020-09-04,0.0011378002528443642,0.025185772317447695,0.01696760729516369
2020-09-08,0.0052232958997126076,0.02069233256748441,0.018370011189854523
2020-09-09,-0.02235067437379588,-0.011721758580306194,-0.0053961942629935375
2020-09-10,0.014945821397434335,0.030316603888832307,0.022561318105223712
2020-09-11,0.023299511461856437,0.032294489611562706,0.0028642352491884395
2020-09-14,-0.0010121457489878326,-0.001896946328790317,0.00806757782839782
2020-09-15,-0.021875,-0.007959654879086172,-0.0011430748714039848
2020-09-16,0.02069049951028418,0.058358061325420374,-0.03255724084629495
2020-09-17,-0.009095567512170045,-0.02122503080038807,-0.012097542389026442
2020-09-18,-0.00958023446363299,0.020622335801589817,0.0243329575347614
2020-09-21,-0.02222501255650422,-0.033303643196975916,0.016085790884718405
2020-09-22,-0.004096568212963354,-0.01558490329849152,-0.016666666666666725
2020-09-23,0.029080334423845944,0.0338687150837989,0.024858307646415435
2020-09-24,-0.005171543895055457,-0.001584819994431733,-0.0011277424646298896
2020-09-25,-0.013770655983976072,-0.02248364341580878,-0.006209894431794601
2020-09-28,-0.003920127404140725,-0.0011066254072995545,-0.022555633873728675
2020-09-29,0.012831479897348126,0.0012450504143364772,0.0040433925049310725
2020-09-30,-0.004217838977794361,-0.004711859545612872,-0.00688637481554342
2020-10-01,-0.011747430249632991,-0.00419118291554182,0.007542061496809139
2020-10-02,0.045005488474204144,0.018443000881165596,-0.053361260722122425
2020-10-05,-0.007938508064516072,-0.00666321779617181,-0.028040003738667166
2020-10-06,0.018427980443775843,0.012412371134020581,0.009571106094808147
2020-10-07,0.0026690391459075744,-0.01816867967378952,-0.016879152451068503
2020-10-08,0.011435832274460047,0.016451257389039246,0.10639795828566391
2020-10-09,-0.0002557871850619775,-0.021127762978628308,0.03093385214007775
2020-10-12,-0.022452068617558035,-0.005174516979498673,0.02704320926055278
2020-10-13,-0.006630648330059016,-0.004139089009937505,0.0038038449676158154
2020-10-14,0.007393043267482722,0.015612240930124099,0.0006191950464396519
2020-10-15,0.008269563070846727,-0.0037856026919841092,-0.0018883759966429588
2020-10-16,0.004076590487955507,0.002341269841269855,0.018124999999999947
2020-10-19,0.026737967914438537,0.024716888232397857,0.010158730158730093
2020-10-20,0.004472049689440987,0.001352852094901597,0.014252533783783723
2020-10-21,-0.011792307217385915,-0.00794634691596376,0.0017191361340925819
2020-10-22,0.017456359102244415,0.026413271058141414,-0.01978609625668443
2020-10-23,-0.0004938271604939044,-0.004296786661458388,0.019061431679270727
2020-10-26,0.0032198142414861315,0.011818870890766761,0.018494623655913967
2020-10-27,0.0004938271604939044,0.002542832131393494,-0.006692999780557378
2020-10-28,0.01459216762284861,0.0259929875416964,-0.0008902737591809292
2020-10-29,0.015070921985815576,-0.0038970652268571376,-0.005487122060470427
2020-10-30,0.022207876049063897,0.024480712166172043,0.006243032329988877
2020-11-02,0.0019595035924231414,0.013436807095343686,-0.0245711123408965
2020-11-03,0.004178636719770086,-0.011202922114078204,-0.010433301394655484
2020-11-04,-0.005574559736475328,-0.019458916577741535,0.018971061093247546
2020-11-05,0.007464451894722355,0.005608187954413353,-0.022031166039763538
2020-11-06,0.013271566295229777,0.0006465299525204428,-0.00041977122468246446
2020-11-09,-0.0054666666666666214,0.04761769999088334,-0.02552686257049582
2020-11-10,-0.004278074866310259,0.031539252656839274,-0.009558401835213151
2020-11-11,-0.002685179121095007,-0.02019673275316799,0.037888024008252766
2020-11-12,0.005316390041493916,0.023041669306637997,0.011801730920535039
2020-11-13,-0.000645161290322544,-0.004043213177879958,-0.025676340383669446
2020-11-16,-0.009384775808133457,-0.0011293790587059527,-0.012944376700121897
2020-11-17,0.00528895768833845,-0.013624745483689216,-0.013899323816679092
2020-11-18,0.01878347345451903,0.015512845235799431,-0.013573407202216056
2020-11-19,-0.026636019469983955,-0.013934782608695706,-0.022202001819836194
2020-11-20,-0.01466314398943196,0.004815547338550196,0.014178033022254113
2020-11-23,0.013000520020800831,0.008659299998665574,-0.03558847439255724
2020-11-24,0.009219017516133318,-0.0027957781582539686,-0.053716157958268576
2020-11-25,-0.007638614513367553,-0.008127989019708686,-0.005545898518334589
2020-11-27,-0.005662805662805633,-0.00027259383518556395,0.008755420996645063
2020-11-30,-0.014811031664964388,0.003187499999999943,0.015670342426001165
2020-12-01,0.0001250938203651602,0.005933486857119175,0.008963399452236686
2020-12-02,0.007150025087807241,-0.011751844766329546,-0.0038831673138612862
2020-12-03,0.006556550245870584,-0.004292735530163193,-0.008032128514056292
2020-12-04,-0.02743902439024386,-0.0006794737167211977,-0.011018830688265795
2020-12-07,-0.010687960687960569,-0.010780287474332649,0.038077453925468845
2020-12-08,-0.013942774005819489,-0.0060736557720042095,-0.00848536274925753
2020-12-09,0.011017964071856307,0.02477672721407972,0.018291659674442077
2020-12-10,-0.010087506076810868,0.014201843965766743,0.007848887355528692
2020-12-11,-0.006616143389871423,0.00013698192678935272,-0.02129906706565747
2020-12-14,-0.019817254064317096,-0.022728706292971135,0.03923076923076926
2020-12-15,-0.007768115942029005,0.013107044269502146,-0.010948585442760795
2020-12-16,-0.011001604400641688,-0.010103092783505107,0.008567182446018043
2020-12-17,0.0045597151640913176,-0.004787018255578121,0.0013970138828254307
2020-12-18,-0.014937106918238973,-0.010731295592934176,-0.014881211382821408
2020-12-21,0.007487706750111776,-0.0006826623832947997,-0.014011734827918457
2020-12-22,0.00022361359570657448,-0.01165823902399872,0.014661750835976968
2020-12-23,-0.0028904947192883923,0.01627303862372057,-0.011883388903137561
2020-12-24,-0.0073089700996677364,-0.001402355958009433,-0.007112014224028477
